Section,Number,Title,Link,Timestamp
종합,1,"""오늘 입장 발표 없다""…계엄 혼란 사과없는 윤 대통령",https://news.nate.com/view/20241205n10199?mid=n1006,2024-12-05 02:22:41
종합,2,"윤 대통령, 오늘 추가 입장 없을 듯…일각선 ""국정 정상화 조치"" 해명...",https://news.nate.com/view/20241205n04463?mid=n1006,2024-12-05 02:22:41
종합,3,"[속보] 한동훈 ""尹대통령 탄핵안 통과되지 않도록 노력하겠다""",https://news.nate.com/view/20241205n06814?mid=n1006,2024-12-05 02:22:41
종합,4,"한동훈 ""尹 탄핵안 통과되지 않게 노력…대통령 탈당해야""(종합)",https://news.nate.com/view/20241205n09568?mid=n1006,2024-12-05 02:22:41
종합,5,"[단독] ""확 계엄해 버릴까"" 尹, 평소에도 종종 얘기했다",https://news.nate.com/view/20241205n01758?mid=n1006,2024-12-05 02:22:41
경제,1,"""여보, 우리 딸 어떡해""…유학 보낸 학부모 '피가 마른다' [종합]",https://news.nate.com/view/20241205n02170?mid=n1006,2024-12-05 02:22:42
경제,2,"""푸바오는 정상""…中 판다 기지가 공개한 최신 영상 보니 [영상]",https://news.nate.com/view/20241205n03553?mid=n1006,2024-12-05 02:22:42
경제,3,해외직구 폰케이스 발암물질 주의보…기준치 252배 초과,https://news.nate.com/view/20241205n02448?mid=n1006,2024-12-05 02:22:42
경제,4,"""퇴근때가 걱정이네요""…철도파업에 운행률 70%대로 '뚝'[철도파업 1일...",https://news.nate.com/view/20241205n11859?mid=n1006,2024-12-05 02:22:42
경제,5,"""韓 속도, 빛 발했다""…제네시스가 '3일' 만에 결정한 '이것' [FN 모...",https://news.nate.com/view/20241205n03321?mid=n1006,2024-12-05 02:22:42
IT,1,"""콜라 마시면 이 썩어"" 입증한 한국 연구진, 이번엔 예방법 내놨다",https://news.nate.com/view/20241205n06944?mid=n1006,2024-12-05 02:22:43
IT,2,"카카오프렌즈, 라이언 춘식이 베어브릭 굿즈 출시",https://news.nate.com/view/20241205n10856?mid=n1006,2024-12-05 02:22:43
IT,3,"한컴위드, '양자보안 기술 탑재' 데이터 통합 보안 설루션 출시",https://news.nate.com/view/20241205n13296?mid=n1006,2024-12-05 02:22:43
IT,4,"컴투스 그룹, 금천구 지역 장애인 가정 '김장 나눔 봉사활동' 진행",https://news.nate.com/view/20241205n13420?mid=n1006,2024-12-05 02:22:43
IT,5,"NHN클라우드, 더존비즈온과 사업 제휴 업무협약 체결",https://news.nate.com/view/20241205n10916?mid=n1006,2024-12-05 02:22:43
세계,1,"美국무부 부장관, 비상계엄 사태에 ""尹대통령, 심한 오판""(종합)",https://news.nate.com/view/20241205n05884?mid=n1006,2024-12-05 02:22:43
세계,2,"""굴욕적으로 끝난 셀프 쿠데타"" ""광주 5·18 악몽 떠올리게 해""",https://news.nate.com/view/20241205n01345?mid=n1006,2024-12-05 02:22:43
세계,3,목욕 하다가 '으악'…여성 몸에서 나온 10m짜리 기생충,https://news.nate.com/view/20241205n00011?mid=n1006,2024-12-05 02:22:43
세계,4,"美국무부 부장관, 尹대통령 계엄선포에 ""심한 오판""",https://news.nate.com/view/20241205n04216?mid=n1006,2024-12-05 02:22:43
세계,5,"""한국 미쳤다, 계엄 2시간만에…"" 해외서도 감탄한 이 장면",https://news.nate.com/view/20241205n10257?mid=n1006,2024-12-05 02:22:43
